id_profil,nama,peran,confidence,alasan
,Galih Valentina,aktor_pendanaan,0.82,Hub transisi pendanaan antar profil utama; menghubungkan transfer antar beberapa akun dan kanal
,Wisnu Handoko,aktor_pendanaan,0.78,Penghubung transfer antar akun utama; terlibat dalam jaringan klaster-2
,Mamat Abdi Hamdani,aktor_pendanaan,0.75,Aktivitas pendanaan berantai antara akun dalam graf
,Jefri Firdaus,aktor_pendanaan,0.7,Transaksi bridging antar akun dalam klaster pendanaan
,Nani Nugroho,aktor_pendanaan,0.65,Indikator sinyal pendanaan dalam jaringan lintas wilayah
,Lutfi Junaedi,aktor_pendanaan,0.6,Akun dengan koneksi lintas wilayah; bagian dari jaringan pendanaan
,Hadi Didik Widodo,aktor_pendanaan,0.65,Konektor jaringan pendanaan di wilayah Jawa Barat
,Sandy Ramadhan,aktor_pendanaan,0.7,Sinyal pendanaan dan keterkaitan transfer lintas akun
,Adi Supriyanto,aktor_pendanaan,0.6,Terlihat terhubung sebagai aktor pendanaan lintas kasus; bridging akun
